{
  "cluster": "A1795",
  "M500": 580000000000000.0,
  "R500": 1520.0,
  "posteriors": {
    "R_theta": {
      "median": 2207.010931326489,
      "err_low": 1305.524599825068,
      "err_high": 1640.0657385620093,
      "p16": 901.4863315014209,
      "p84": 3847.076669888498
    },
    "alpha": {
      "median": 0.2719065925500796,
      "err_low": 0.14820815214560754,
      "err_high": 0.15181079639083966,
      "p16": 0.12369844040447206,
      "p84": 0.42371738894091926
    },
    "n_0": {
      "median": 0.5669673640943722,
      "err_low": 0.28555568741327825,
      "err_high": 0.27991983068228643,
      "p16": 0.28141167668109396,
      "p84": 0.8468871947766586
    },
    "r_c": {
      "median": 124.17369513298561,
      "err_low": 25.863702435580905,
      "err_high": 50.00544503242335,
      "p16": 98.30999269740471,
      "p84": 174.17914016540897
    },
    "beta": {
      "median": 1.2933566173492288,
      "err_low": 0.12955353377931922,
      "err_high": 0.1331282329317458,
      "p16": 1.1638030835699096,
      "p84": 1.4264848502809746
    },
    "log10_f_geo": {
      "median": 0.07356415216841802,
      "err_low": 0.6135824760897389,
      "err_high": 0.5933798936275282,
      "p16": -0.5400183239213209,
      "p84": 0.6669440457959462
    }
  },
  "chi2": 5.748324601757946,
  "chi2_red": 0.958054100292991,
  "acceptance_fraction": 0.2340125,
  "n_walkers": 64,
  "n_steps": 5000,
  "burn_in": 1500
}