{
  "cluster": "A2029",
  "M500": 1270000000000000.0,
  "R500": 1820.0,
  "posteriors": {
    "R_theta": {
      "median": 2254.729159381452,
      "err_low": 1248.8815208351239,
      "err_high": 1584.5397596765256,
      "p16": 1005.8476385463282,
      "p84": 3839.2689190579777
    },
    "alpha": {
      "median": 0.2852336733578231,
      "err_low": 0.1574630746238515,
      "err_high": 0.14873903549270506,
      "p16": 0.12777059873397162,
      "p84": 0.4339727088505282
    },
    "n_0": {
      "median": 0.6468164681892046,
      "err_low": 0.28101528893267724,
      "err_high": 0.23568421948833185,
      "p16": 0.36580117925652733,
      "p84": 0.8825006876775364
    },
    "r_c": {
      "median": 142.24973273144056,
      "err_low": 25.289578747969415,
      "err_high": 46.238295993617584,
      "p16": 116.96015398347114,
      "p84": 188.48802872505814
    },
    "beta": {
      "median": 1.3093556545058114,
      "err_low": 0.11716501883554775,
      "err_high": 0.1236921051014841,
      "p16": 1.1921906356702636,
      "p84": 1.4330477596072955
    },
    "log10_f_geo": {
      "median": 0.09487079083610482,
      "err_low": 0.5952638232835417,
      "err_high": 0.5613222296674336,
      "p16": -0.5003930324474368,
      "p84": 0.6561930205035384
    }
  },
  "chi2": 4.581174369907085,
  "chi2_red": 0.7635290616511808,
  "acceptance_fraction": 0.25898125000000005,
  "n_walkers": 64,
  "n_steps": 5000,
  "burn_in": 1500
}