{
  "cluster": "A2029",
  "posteriors": {
    "n0": {
      "median": 0.6061603016968424,
      "err_low": 0.17910612502536793,
      "err_high": 0.13904924485594716,
      "p16": 0.4270541766714745,
      "p84": 0.7452095465527896
    },
    "rc": {
      "median": 146.40532922389548,
      "err_low": 17.25117853777914,
      "err_high": 28.113334020897526,
      "p16": 129.15415068611634,
      "p84": 174.518663244793
    },
    "beta": {
      "median": 1.3011751580264765,
      "err_low": 0.06919604271512281,
      "err_high": 0.06443191594113862,
      "p16": 1.2319791153113537,
      "p84": 1.3656070739676152
    }
  },
  "chi2": 13.72790117216548,
  "chi2_red": 1.525322352462831,
  "BIC_beta": 21.18262112152948,
  "nwalkers": 32,
  "nsteps": 2000,
  "burnin": 500,
  "acceptance": 0.4912187499999999
}