{
  "cluster": "A2199",
  "M500": 390000000000000.0,
  "R500": 1180.0,
  "posteriors": {
    "R_theta": {
      "median": 2479.7674300421522,
      "err_low": 1530.83393924648,
      "err_high": 1725.4962039384682,
      "p16": 948.9334907956724,
      "p84": 4205.26363398062
    },
    "alpha": {
      "median": 0.2870283441740758,
      "err_low": 0.15721477972418152,
      "err_high": 0.14086187347665596,
      "p16": 0.12981356444989428,
      "p84": 0.42789021765073176
    },
    "n_0": {
      "median": 0.5453499435240805,
      "err_low": 0.28597685661529737,
      "err_high": 0.2898474189867276,
      "p16": 0.25937308690878313,
      "p84": 0.8351973625108081
    },
    "r_c": {
      "median": 106.88553159253672,
      "err_low": 23.69187668286645,
      "err_high": 45.98781251269105,
      "p16": 83.19365490967027,
      "p84": 152.87334410522777
    },
    "beta": {
      "median": 1.3318767989844185,
      "err_low": 0.13844073424361314,
      "err_high": 0.11191193843031555,
      "p16": 1.1934360647408053,
      "p84": 1.443788737414734
    },
    "log10_f_geo": {
      "median": -0.03505952125533357,
      "err_low": 0.6198029557425653,
      "err_high": 0.674763678445564,
      "p16": -0.6548624769978988,
      "p84": 0.6397041571902303
    }
  },
  "chi2": 3.5684829267016536,
  "chi2_red": 0.5947471544502756,
  "acceptance_fraction": 0.231090625,
  "n_walkers": 64,
  "n_steps": 5000,
  "burn_in": 1500
}