{
  "cluster": "A401",
  "M500": 620000000000000.0,
  "R500": 1610.0,
  "posteriors": {
    "R_theta": {
      "median": 2446.2685880850986,
      "err_low": 1179.1256574003814,
      "err_high": 1682.1900720081421,
      "p16": 1267.1429306847172,
      "p84": 4128.458660093241
    },
    "alpha": {
      "median": 0.2760114659246176,
      "err_low": 0.15325380264389865,
      "err_high": 0.15095149118214246,
      "p16": 0.12275766328071898,
      "p84": 0.4269629571067601
    },
    "n_0": {
      "median": 0.10523376395780046,
      "err_low": 0.06090089635290717,
      "err_high": 0.17151392060075968,
      "p16": 0.044332867604893286,
      "p84": 0.27674768455856014
    },
    "r_c": {
      "median": 253.82882890290838,
      "err_low": 109.55302872932637,
      "err_high": 157.69949305061525,
      "p16": 144.275800173582,
      "p84": 411.52832195352363
    },
    "beta": {
      "median": 1.0968312360490664,
      "err_low": 0.12345788822270398,
      "err_high": 0.14884975838168213,
      "p16": 0.9733733478263624,
      "p84": 1.2456809944307485
    },
    "log10_f_geo": {
      "median": 0.25014606620470725,
      "err_low": 0.821040560238233,
      "err_high": 0.543681480483927,
      "p16": -0.5708944940335258,
      "p84": 0.7938275466886342
    }
  },
  "chi2": 3.746470431332236,
  "chi2_red": 0.6244117385553727,
  "acceptance_fraction": 0.185978125,
  "n_walkers": 64,
  "n_steps": 5000,
  "burn_in": 1500
}