{
  "cluster": "Coma",
  "M500": 840000000000000.0,
  "R500": 2300.0,
  "posteriors": {
    "R_theta": {
      "median": 2620.390021895107,
      "err_low": 1528.0528547867057,
      "err_high": 1512.6601370444937,
      "p16": 1092.3371671084014,
      "p84": 4133.050158939601
    },
    "alpha": {
      "median": 0.28722489142769936,
      "err_low": 0.16450522643673007,
      "err_high": 0.15183281996103137,
      "p16": 0.12271966499096928,
      "p84": 0.43905771138873073
    },
    "n_0": {
      "median": 0.46411764627560365,
      "err_low": 0.2380970023559382,
      "err_high": 0.3085791782250677,
      "p16": 0.22602064391966545,
      "p84": 0.7726968245006713
    },
    "r_c": {
      "median": 160.90445023537907,
      "err_low": 42.16955038907369,
      "err_high": 73.7137087433369,
      "p16": 118.73489984630538,
      "p84": 234.61815897871597
    },
    "beta": {
      "median": 1.259374161027059,
      "err_low": 0.12593762909042816,
      "err_high": 0.1455662123472501,
      "p16": 1.1334365319366309,
      "p84": 1.404940373374309
    },
    "log10_f_geo": {
      "median": 0.034801017686380754,
      "err_low": 0.5954855240361063,
      "err_high": 0.5749372288820819,
      "p16": -0.5606845063497256,
      "p84": 0.6097382465684626
    }
  },
  "chi2": 2.8266539845738854,
  "chi2_red": 0.4711089974289809,
  "acceptance_fraction": 0.22802500000000003,
  "n_walkers": 64,
  "n_steps": 5000,
  "burn_in": 1500
}