Galaxy,M_disk,M_disk_err,R_disk,R_disk_err,M_bulge,M_bulge_err,R_bulge,R_bulge_err,R_theta,R_theta_err,chi2_red,n_data,acceptance
NGC2403,56905823392.253006,69940215941.81718,8.13733326598816,13.015994000533702,81963053268.134,32778160458.841457,12.704071275577618,4.434354887859203,22.03852069313065,9.281207053773201,2.3211343475650366,25,0.325921875
NGC6946,213998252821.11066,212332830829.137,23.422967841655414,12.048278954273691,455327838004.24396,145297463984.3258,16.34127310585902,4.905034171385087,31.57658292651224,11.135829329395506,0.753501944305608,30,0.314203125
NGC7793,35774149508.81125,50985568335.66325,8.804037010805473,13.69567910560059,55614914542.50838,24408147192.160633,12.853952419842225,4.303016394942193,21.334540422639936,9.874410351771452,2.973829905690855,28,0.312515625
