{
  "n_samples": 1000000,
  "mape_mean": 41.43813148296629,
  "mape_std": 40.68403416901635,
  "mape_ci": [
    3.2700711960845705,
    119.30589916917101
  ],
  "rmse_mean": 0.21602487192165803,
  "rmse_std": 0.1308532407523561,
  "rmse_ci": [
    0.01850653452396683,
    0.3870832799870265
  ]
}