Cluster,Name,Type,z,M500,R500,Rtheta_kpc,Rtheta_over_R500,χ²_red_GoE,χ²_red_β,ΔBIC,BF
A1795,Abell 1795,Relaxed Cool Core,0.0622,580000000000000.0,1520,1405.1438702390928,0.9244367567362453,0.934774793021422,1.0913492172728292,-0.1409620385039147,0.9319454283792916
A2029,Abell 2029,Relaxed Cool Core,0.0767,1270000000000000.0,1820,1647.2347779515787,0.9050740538195488,1.5916092353285125,1.8495410206730076,1.4280886536409696,2.0422340410644235
A2199,Abell 2199,Relaxed Cool Core,0.0302,390000000000000.0,1180,1004.6745881125348,0.8514191424682499,0.6518274772230681,0.769825404468826,-0.7710978273531115,0.6800772300374057
A401,Abell 401,Merging,0.0748,620000000000000.0,1610,2999.9999999997804,1.8633540372669444,0.8758427505027471,0.687731590783557,-3.302064336757965,0.1918517830449562
Coma,Coma Cluster,Non Cool Core,0.0231,840000000000000.0,2300,2038.96615763606,0.8865070250591565,0.7544203976649384,0.9900972784727158,0.3906056751469346,1.2156790840539609
