,x,y,tof,ion_type,event
x,1.0,-0.002369639236306527,-0.000607020197908937,0.0060660147403307834,0.01782626613773834
y,-0.002369639236306527,1.0,-0.00850142542982977,0.002553552113293742,0.005013019914459498
tof,-0.000607020197908937,-0.00850142542982977,1.0,0.011808957571847415,-0.013003127839177498
ion_type,0.0060660147403307834,0.002553552113293742,0.011808957571847415,1.0,0.010639128527277759
event,0.01782626613773834,0.005013019914459498,-0.013003127839177498,0.010639128527277759,1.0
