,col1,col2,col3,col4,col5
col1,1.0,0.03700160788836257,-0.04209620220618994,0.06399946028629717,-0.016817489439097024
col2,0.03700160788836257,1.0,0.19284347775345412,0.2420975157306584,-0.2256459103371604
col3,-0.04209620220618994,0.19284347775345412,1.0,0.6105097703877086,-0.32362794650522764
col4,0.06399946028629717,0.2420975157306584,0.6105097703877086,1.0,-0.6990743051647758
col5,-0.016817489439097024,-0.2256459103371604,-0.32362794650522764,-0.6990743051647758,1.0
