n,tau_decoherence_us,phi_power,relative_coherence
0,1.0,1.0,1.0
1,1.618033988749895,1.618033988749895,0.6180339887498948
2,2.6180339887498945,2.618033988749895,0.38196601125010515
3,4.23606797749979,4.23606797749979,0.2360679774997897
5,11.090169943749476,11.090169943749476,0.09016994374947422
8,46.978713763747805,46.978713763747805,0.02128623625220818
