Cluster,Type,χ²_β,χ²_GoE,Δχ²,χ²_red_β,χ²_red_GoE,p_β,p_GoE,ΔBIC,BF,R_θ
A1795,Relaxed Cool Core,9.822142955455462,7.478198344171377,2.343944611284085,1.0913492172728292,0.9347747930214221,0.3650748359714806,0.48602301950887417,-0.14096203850391475,0.9319454283792915,1405.1438702390928
A2029,Relaxed Cool Core,16.645869186057066,12.732873882628098,3.9129953034289677,1.8495410206730074,1.5916092353285123,0.05455919469097292,0.12137707416428212,1.4280886536409696,2.0422340410644235,1647.2347779515787
A2199,Relaxed Cool Core,6.928428640219433,5.214619817784545,1.7138088224348884,0.769825404468826,0.6518274772230681,0.6445709442851962,0.7344103240333121,-0.7710978273531115,0.6800772300374057,1004.6745881125349
A401,Merging,6.189584317052012,7.0067420040219766,-0.8171576869699644,0.687731590783557,0.8758427505027471,0.7208041710974802,0.5359054301105308,-3.302064336757965,0.19185178304495626,2999.9999999997804
Coma,Non Cool Core,8.910875506254442,6.035363181319507,2.8755123249349346,0.9900972784727158,0.7544203976649384,0.44554158132616295,0.6432705418505681,0.39060567514693467,1.2156790840539609,2038.9661576360602
