test,chi2_GoE,chi2_Newtonian,delta_chi2,significance_sigma,bayes_factor
Via Láctea,5.17,343.15,337.97999999999996,18.3842323745105,7.787974069287525e+72
M31,3.55,250.46,246.91,15.713370103195558,1.3056454612492846e+53
Combinado,8.719999999999999,593.61,584.89,24.18449916785543,1.0168332995892379e+126
