fermion,n,alpha_EM,alpha_N,gamma_EM_rad,gamma_N_rad,gamma_total_rad,gamma_total_pi
e,0,1.0,0.0,6.283185307179586,0.0,9.42477796076938,3.0
μ,11,0.496,0.504,3.1164599123610746,0.6966795868600725,6.954732152810941,2.21376
τ,17,0.31,0.69,1.9477874452256718,1.4740352730643311,6.563415371879796,2.0892
u,0,0.3,0.7,1.8849555921538759,0.0,5.026548245743669,1.6
c,13,0.25,0.75,1.5707963267948966,1.2252211349000195,5.937610115284709,1.8900000000000001
t,23,0.2,0.8,1.2566370614359172,2.312212193042088,6.710441908067798,2.136
