parameter,median,std,16th_percentile,84th_percentile
M_disk,217108407723.25076,43620538466.619385,165493213178.19943,249398268196.66443
R_disk,5.008514518939388,0.7398929866763871,4.392234331630237,5.781709384036324
M_bulge,5508466970.667486,4619686773.416976,1911923886.0801787,11128546968.413792
R_bulge,3.2990824810524346,1.3185963664199114,1.5269761868645262,4.468526845934272
R_theta,39.9482219117874,8.103720207875504,30.079540465825207,46.71171369780863
