{
  "optics": {
    "n2_std": 3.180896772824628e-21,
    "n2_goe": 2.0286680119603535e-20,
    "amplification": 6.377660631089583
  },
  "fft": {
    "peak_freq": 1.8200233336392615,
    "theory_freq": 13.057005210545986,
    "error_percent": 86.060943498979
  },
  "cosmo": {
    "Omega_s_fit": 4.391095135883316e-07,
    "Omega_s_BBN": 8.999999981999999e-23,
    "tension_factor": 4878994605183897.0
  },
  "bh": {
    "S_ratio": 0.93,
    "T_ratio": 1.075268817204301,
    "alpha_eta": 0.93
  },
  "unification": {
    "K_from_g2": 0.007435845973372951,
    "K_theory": 0.00765,
    "sigma_compatibility": 81899.44941035192
  }
}